id;name;url;site_name;description;category;auto_discovered;favicon_url;active;created_date;last_fetched_date
1;cool;https://electric-fledgling.biz;cappelletti whether;throughout whenever waft;except ick;true;plus dearly;true;2025-04-15T21:00:07;2025-04-15T22:08:04
2;lest;https://unfinished-impact.biz/;aha bathrobe ah;describe chops ugh;yippee micromanage;false;furiously finally sarcastic;false;2025-04-16T00:38:01;2025-04-16T10:41:59
3;indeed amazing taxicab;https://awful-charlatan.com;because outside;clinking skyline countess;founder amidst;false;inferior er;false;2025-04-16T06:16:18;2025-04-15T23:50:53
4;onset ghost confute;https://corrupt-lid.net/;inasmuch;facilitate;now;true;beyond;false;2025-04-16T00:59:36;2025-04-15T14:40:04
5;forenenst whoa gosh;https://grubby-poppy.org;meh;unwelcome heighten along;till;true;gust knuckle;true;2025-04-15T21:07:58;2025-04-16T02:03:21
6;democratize heartache;https://sorrowful-dependency.com/;regarding gosh;anxiously fooey;internal surprised;false;nor cap unbearably;false;2025-04-15T22:35:06;2025-04-15T12:19:23
7;worriedly state;https://greedy-government.biz;taxicab without;serve slow recent;than unabashedly gee;true;whoever enormously;false;2025-04-15T21:41:06;2025-04-16T07:43:57
8;than;https://acclaimed-quart.name/;barring;knit;near normal;true;awesome;false;2025-04-16T02:19:41;2025-04-16T06:30:28
9;quiet hammock aw;https://passionate-cheese.org/;privilege;underneath vengeful vice;circa uh-huh;true;wound sidetrack;false;2025-04-15T17:32:06;2025-04-16T03:24:25
10;quirkily so;https://aching-whack.biz/;sideboard foretell;optimistically;overload about;true;as fundraising deeply;false;2025-04-16T04:29:47;2025-04-16T02:03:26
